url,title,scheme,page_type,content_type,notes
https://files.hdfcfund.com/s3fs-public/Others/2026-05/Fund%20Facts%20-%20HDFC%20Large%20Cap%20Fund_April%2026.pdf,HDFC Large Cap Fund factsheet - April 2026,HDFC Large Cap Fund,factsheet,pdf,"Monthly factsheet. Renamed from HDFC Top 100 Fund (SEBI Mar-2026 categorisation circular)."
https://files.hdfcfund.com/s3fs-public/Others/2026-06/Fund%20Facts%20-%20HDFC%20Large%20Cap%20Fund_June%2026.pdf,HDFC Large Cap Fund factsheet - June 2026,HDFC Large Cap Fund,factsheet,pdf,Monthly factsheet.
https://files.hdfcfund.com/s3fs-public/Others/2026-07/Fund%20Facts%20-%20HDFC%20Large%20Cap%20Fund_July%2026.pdf,HDFC Large Cap Fund factsheet - July 2026,HDFC Large Cap Fund,factsheet,pdf,Monthly factsheet.
https://files.hdfcfund.com/s3fs-public/SID/2025-05/SID%20-%20HDFC%20Large%20Cap%20Fund%20dated%20May%2030%2C%202025.pdf,HDFC Large Cap Fund - Scheme Information Document,HDFC Large Cap Fund,sid,pdf,"Statutory SID. States 'Formerly known as HDFC Top 100 Fund'. Carries exit-load and fee terms."
https://files.hdfcfund.com/s3fs-public/KIM/2025-05/KIM%20-%20HDFC%20Large%20Cap%20Fund%20dated%20May%2030%2C%202025.pdf,HDFC Large Cap Fund - Key Information Memorandum,HDFC Large Cap Fund,kim,pdf,"Statutory KIM. Carries expense ratio, riskometer, exit load."
https://files.hdfcfund.com/s3fs-public/Others/2026-05/Fund%20Facts%20-%20HDFC%20Flexi%20Cap%20Fund_April%2026.pdf,HDFC Flexi Cap Fund factsheet - April 2026,HDFC Flexi Cap Fund,factsheet,pdf,Monthly factsheet.
https://files.hdfcfund.com/s3fs-public/Others/2026-06/Fund%20Facts%20-%20HDFC%20Flexi%20Cap%20Fund_June%2026.pdf,HDFC Flexi Cap Fund factsheet - June 2026,HDFC Flexi Cap Fund,factsheet,pdf,Monthly factsheet.
https://files.hdfcfund.com/s3fs-public/Others/2026-07/Fund%20Facts%20-%20HDFC%20Flexi%20Cap%20Fund_July%2026.pdf,HDFC Flexi Cap Fund factsheet - July 2026,HDFC Flexi Cap Fund,factsheet,pdf,Monthly factsheet.
https://files.hdfcfund.com/s3fs-public/SID/2025-05/SID%20-%20HDFC%20Flexi%20Cap%20Fund%20dated%20May%2030%2C%202025.pdf,HDFC Flexi Cap Fund - Scheme Information Document,HDFC Flexi Cap Fund,sid,pdf,Statutory SID. SEBI scheme code HDFC/O/E/FCF/94/12/0002.
https://files.hdfcfund.com/s3fs-public/KIM/2025-05/KIM%20-%20HDFC%20Flexi%20Cap%20Fund%20dated%20May%2030%2C%202025.pdf,HDFC Flexi Cap Fund - Key Information Memorandum,HDFC Flexi Cap Fund,kim,pdf,Statutory KIM.
https://files.hdfcfund.com/s3fs-public/Others/2026-05/Fund%20Facts%20-%20HDFC%20Mid-Cap%20Fund_April%2026.pdf,HDFC Mid Cap Fund factsheet - April 2026,HDFC Mid Cap Fund,factsheet,pdf,"Monthly factsheet. Note 'Mid-Cap' in the filename; scheme name is 'HDFC Mid Cap Fund'."
https://files.hdfcfund.com/s3fs-public/Others/2026-06/Fund%20Facts%20-%20HDFC%20Mid-Cap%20Fund_June%2026.pdf,HDFC Mid Cap Fund factsheet - June 2026,HDFC Mid Cap Fund,factsheet,pdf,Monthly factsheet.
https://files.hdfcfund.com/s3fs-public/Others/2026-07/Fund%20Facts%20-%20HDFC%20Mid-Cap%20Fund_July%2026.pdf,HDFC Mid Cap Fund factsheet - July 2026,HDFC Mid Cap Fund,factsheet,pdf,Monthly factsheet.
https://files.hdfcfund.com/s3fs-public/SID/2025-11/SID%20-%20HDFC%20Mid%20Cap%20Fund%20dated%20November%2021%2C%202025.pdf,HDFC Mid Cap Fund - Scheme Information Document,HDFC Mid Cap Fund,sid,pdf,Statutory SID. Renamed from HDFC Mid Cap Opportunities Fund w.e.f. 27-Jun-2025.
https://files.hdfcfund.com/s3fs-public/KIM/2025-11/KIM%20-%20HDFC%20Mid%20Cap%20Fund%20dated%20November%2021%2C%202025.pdf,HDFC Mid Cap Fund - Key Information Memorandum,HDFC Mid Cap Fund,kim,pdf,Statutory KIM.
https://files.hdfcfund.com/s3fs-public/Others/2026-05/Fund%20Facts%20-%20HDFC%20TaxSaver%20Fund_April%2026.pdf,HDFC ELSS Tax Saver Fund factsheet - April 2026,HDFC ELSS - Tax Saver Fund,factsheet,pdf,"Monthly factsheet. Filename uses 'TaxSaver'; the only scheme with a 3-year statutory lock-in."
https://files.hdfcfund.com/s3fs-public/Others/2026-07/Fund%20Facts%20-%20HDFC%20TaxSaver%20Fund_July%2026.pdf,HDFC ELSS Tax Saver Fund factsheet - July 2026,HDFC ELSS - Tax Saver Fund,factsheet,pdf,Monthly factsheet.
https://files.hdfcfund.com/s3fs-public/SID/2025-11/SID%20-%20HDFC%20ELSS%20Tax%20Saver%20dated%20November%2021%2C%202025.pdf,HDFC ELSS Tax Saver Fund - Scheme Information Document,HDFC ELSS - Tax Saver Fund,sid,pdf,Statutory SID. Carries the 3-year lock-in and exit-load terms.
https://files.hdfcfund.com/s3fs-public/KIM/2025-11/KIM%20-%20HDFC%20ELSS%20Tax%20Saver%20dated%20November%2021%2C%202025_0.pdf,HDFC ELSS Tax Saver Fund - Key Information Memorandum,HDFC ELSS - Tax Saver Fund,kim,pdf,Statutory KIM.
https://files.hdfcfund.com/s3fs-public/Others/2026-06/Fund%20Facts%20-%20HDFC%20NIFTY%2050%20Index%20Fund_June%2026.pdf,HDFC Nifty 50 Index Fund factsheet - June 2026,HDFC Nifty 50 Index Fund,factsheet,pdf,"Monthly factsheet. Filename uses all-caps 'NIFTY 50'; scheme name is 'HDFC Nifty 50 Index Fund'."
https://files.hdfcfund.com/s3fs-public/SID/2025-11/SID%20-%20HDFC%20Nifty%2050%20Index%20Fund%20dated%20November%2021%2C%202025.pdf,HDFC Nifty 50 Index Fund - Scheme Information Document,HDFC Nifty 50 Index Fund,sid,pdf,Statutory SID. Carries the tracking-error and exit-load terms.
https://files.hdfcfund.com/s3fs-public/KIM/2025-11/KIM%20-%20HDFC%20Nifty%2050%20Index%20Fund%20dated%20November%2021%2C%202025.pdf,HDFC Nifty 50 Index Fund - Key Information Memorandum,HDFC Nifty 50 Index Fund,kim,pdf,Statutory KIM.
https://www.amfiindia.com/spages/NAVAll.txt,AMFI daily NAV feed (all schemes),,nav,text,"Official AMFI machine-readable feed. Scheme code;ISIN div;ISIN reinv;Name;Plan;Option;NAV;Date. Filtered to the 5 in-scope schemes at parse time."
https://www.sebi.gov.in/sebi_data/mutualfundfile/nov-2024/1732787105223.pdf,SEBI-filed Scheme Information Document - HDFC Flexi Cap Fund,HDFC Flexi Cap Fund,sebi_sid,pdf,"SEBI's own filed copy of the SID, linked from the SEBI mutual-fund filing record. Independent regulator-side confirmation of scheme particulars."

